00:13:72:87:7f:1f, 10.116.99.10, galilei_0
d8:50:e6:d5:55:71, 10.116.99.11, galilei_1
d8:50:e6:d5:53:37, 10.116.99.12, galilei_2
00:26:55:42:9a:e0, 10.116.99.13, galilei_3
00:24:81:92:05:dd, 10.116.99.14, galilei_4
24:be:05:1d:98:7c, 10.116.99.15, galilei_5
00:26:55:3e:3f:37, 10.116.99.16, galilei_6
d8:50:e6:d5:55:bd, 10.116.99.17, galilei_7
08:60:6e:6d:bc:5a, 10.116.99.18, galilei_8
00:25:b3:cc:63:26, 10.116.99.19, galilei_9
00:26:55:42:95:6b, 10.116.99.20, galilei_10
08:60:6e:6d:bb:ad, 10.116.99.21, galilei_11
24:be:05:10:98:53, 10.116.99.22, galilei_12
d8:50:e6:05:55:63, 10.116.99.23, galilei_13
d8:50:e6:05:53:b8, 10.116.99.24, galilei_14
d8:50:e6:05:55:96, 10.116.99.25, galilei_15
00:1a:4b:c5:60:f3, 10.116.99.26, galilei_16
00:1f:29:3a:2a:97, 10.116.99.27, galilei_17
d8:50:e6:05:55:93, 10.116.99.28, galilei_18
74:d0:2b:c5:78:3f, 10.116.99.29, galilei_19
74:d0:2b:c5:7d:bf, 10.116.99.30, galilei_20
00:24:81:92:07:ea, 10.116.99.31, galilei_21
d4:85:64:09:65:1f, 10.116.99.32, galilei_22
00:22:64:a6:ac:80, 10.116.99.33, galilei_23
d8:50:e6:d5:53:5a, 10.116.99.34, galilei_24
08:60:6e:6d:bc:51, 10.116.99.35, galilei_25
d8:50:e6:d5:55:b4, 10.116.99.41, faraday_0
00:26:55:42:98:a1, 10.116.99.42, faraday_1
00:26:55:42:9b:38, 10.116.99.43, faraday_2
00:24:81:92:06:31, 10.116.99.44, faraday_3
00:25:b3:cc:63:30, 10.116.99.45, faraday_4
00:22:64:a6:ac:79, 10.116.99.46, faraday_5
00:22:64:a6:ac:0f, 10.116.99.47, faraday_6
00:22:64:a7:34:3f, 10.116.99.48, faraday_7
00:26:55:42:9b:31, 10.116.99.49, faraday_8
00:25:b3:28:d9:56, 10.116.99.50, faraday_9
00:26:55:42:94:b3, 10.116.99.51, faraday_10
00:26:55:42:94:62, 10.116.99.52, faraday_11
00:26:55:42:98:8d, 10.116.99.53, faraday_12
00:26:55:42:95:7c, 10.116.99.54, faraday_13
00:26:55:42:9b:f5, 10.116.99.55, faraday_14
2c:41:38:a1:ec:8c, 10.116.99.56, faraday_15
2c:27:d7:40:49:9f, 10.116.99.57, faraday_16
2c:27:d7:1c:ae:df, 10.116.99.58, faraday_17
00:26:55:42:83:af, 10.116.99.59, faraday_18
08:2e:5f:28:dd:70, 10.116.99.60, faraday_19
00:25:b3:cc:63:27, 10.116.99.61, faraday_20
2c:41:38:a1:ec:85, 10.116.99.62, faraday_21
2c:41:38:ab:89:76, 10.116.99.63, faraday_22
2c:41:38:ab:89:80, 10.116.99.64, faraday_23
00:13:72:87:6b:e1, 10.116.99.71, ohm_0
00:13:72:87:d7:34, 10.116.99.101, newton_0
00:26:55:42:9b:c2, 10.116.99.102, newton_1
00:26:55:42:98:c4, 10.116.99.103, newton_2
00:26:55:42:9c:34, 10.116.99.104, newton_3
00:26:55:42:94:65, 10.116.99.105, newton_4
00:26:55:42:93:d6, 10.116.99.106, newton_5
00:26:55:42:95:76, 10.116.99.107, newton_6
00:26:55:42:9a:56, 10.116.99.108, newton_7
00:24:81:92:08:cb, 10.116.99.109, newton_8
00:24:81:92:07:f8, 10.116.99.110, newton_9
00:26:55:42:9a:41, 10.116.99.111, newton_10
00:26:55:42:9b:45, 10.116.99.112, newton_11
00:24:81:92:08:cd, 10.116.99.113, newton_12
00:26:55:42:9a:d4, 10.116.99.114, newton_13
00:24:81:92:08:cf, 10.116.99.115, newton_14
00:24:81:92:06:10, 10.116.99.116, newton_15
00:26:55:42:9c:39, 10.116.99.117, newton_16
00:26:55:42:92:e2, 10.116.99.118, newton_17
00:24:81:8f:4b:c3, 10.116.99.119, newton_18
00:26:55:42:9c:30, 10.116.99.120, newton_19
00:26:55:42:9b:be, 10.116.99.121, newton_20
d8:50:e6:d5:40:69, 10.116.99.122, newton_21
00:24:81:92:07:f5, 10.116.99.123, newton_22
d8:50:e6:d5:53:a1, 10.116.99.124, newton_23
d8:50:e6:d5:55:a6, 10.116.99.125, newton_24
d8:50:e6:d5:55:70, 10.116.99.126, newton_25
d8:50:e6:d5:55:e8, 10.116.99.131, einstein_0
d0:50:99:4d:9c:98, 10.116.99.132, einstein_1
d0:50:99:4d:9c:7d, 10.116.99.133, einstein_2
00:24:81:ed:97:a4, 10.116.99.134, einstein_3
d8:50:e6:d5:53:b0, 10.116.99.135, einstein_4
d0:50:99:4d:26:ff, 10.116.99.136, einstein_5
d0:50:99:4d:9c:97, 10.116.99.137, einstein_6
d0:50:99:4d:9c:7f, 10.116.99.138, einstein_7
d0:50:99:4d:9c:a6, 10.116.99.139, einstein_8
24:be:05:1d:98:54, 10.116.99.140, einstein_9
00:22:64:a6:ac:59, 10.116.99.141, einstein_10
d0:50:99:4d:9c:9a, 10.116.99.142, einstein_11
d0:50:99:4d:9c:79, 10.116.99.143, einstein_12
d0:50:99:4d:9c:96, 10.116.99.144, einstein_13
d0:50:99:4d:9c:90, 10.116.99.145, einstein_14
d0:50:99:41:a6:e8, 10.116.99.146, einstein_15
d0:50:99:4d:9c:77, 10.116.99.147, einstein_16
d0:50:99:4d:9c:80, 10.116.99.148, einstein_17
00:13:72:87:4f:d9, 10.116.99.149, einstein_18
00:24:81:92:05:df, 10.116.99.150, einstein_19
d0:50:99:4d:9c:85, 10.116.99.151, einstein_20
d0:50:99:4d:9c:a4, 10.116.99.152, einstein_21
d0:50:99:4d:95:23, 10.116.99.153, einstein_22
d0:50:99:4d:9c:99, 10.116.99.154, einstein_23
d0:50:99:4d:a8:e8, 10.116.99.155, einstein_24
d0:50:99:4d:9c:a0, 10.116.99.156, einstein_25
00:13:72:87:7f:41, 10.116.99.161, maxwell_0
94:57:a5:ec:98:20, 10.116.99.162, maxwell_1
48:0f:cf:67:8c:c0, 10.116.99.163, maxwell_2
94:57:a5:ec:9e:31, 10.116.99.164, maxwell_3
dc:4a:3e:72:d9:11, 10.116.99.165, maxwell_4
48:0f:cf:67:d9:d4, 10.116.99.166, maxwell_5
94:57:a5:ec:d0:9a, 10.116.99.167, maxwell_6
00:26:55:3e:3a:52, 10.116.99.168, maxwell_7
70:5a:0f:45:2b:98, 10.116.99.169, maxwell_8
94:57:a5:ec:d0:a0, 10.116.99.170, maxwell_9
94:57:a5:ec:98:24, 10.116.99.171, maxwell_10
94:57:a5:ec:d0:9b, 10.116.99.172, maxwell_11
94:57:a5:ec:98:22, 10.116.99.173, maxwell_12
48:0f:cf:67:5c:fc, 10.116.99.174, maxwell_13
48:0f:cf:67:da:9f, 10.116.99.175, maxwell_14
94:57:a5:ec:98:21, 10.116.99.176, maxwell_15
94:57:a5:ec:d0:9f, 10.116.99.177, maxwell_16
94:57:a5:ec:94:3e, 10.116.99.178, maxwell_17
e8:39:35:33:e8:5d, 10.116.99.179, maxwell_18
48:0f:cf:67:d6:da, 10.116.99.180, maxwell_19
48:0f:cf:67:da:8f, 10.116.99.181, maxwell_20
24:be:05:1d:98:5a, 10.116.99.182, maxwell_21
2c:41:38:a1:ec:8f, 10.116.99.183, maxwell_22
64:31:50:19:b8:c7, 10.116.99.184, maxwell_23
24:be:05:1d:98:6e, 10.116.99.185, maxwell_24
2c:27:d7:23:50:d0, 10.116.99.186, maxwell_25
00:26:55:42:95:75, 10.116.99.191, library_0
00:26:55:42:94:69, 10.116.99.192, library_1
e8:39:35:33:e8:40, 10.116.99.193, library_2
d4:85:64:09:2c:80, 10.116.99.194, library_3
f4:ce:46:32:df:3b, 10.116.99.195, library_4
00:26:55:42:95:7a, 10.116.99.196, library_5
00:26:55:42:9a:4f, 10.116.99.197, library_6
24:be:05:1d:98:7f, 10.116.99.198, library_7
00:1f:29:3a:27:50, 10.116.99.199, library_8
00:1f:29:3a:3b:38, 10.116.99.200, library_9
00:26:55:42:94:50, 10.116.99.201, library_10
